Complaint ID,Date received,Consumer complaint narrative,Product,Sub-product,Issue,Sub-issue,Company,State,Tags
18234575,2025-12-23,"On XX/XX/XXXX, I hired XXXX XXXX / XXXX XXXX XXXX ( XXXX ) to repair the rear end of my XXXX XXXX XXXX, repaint the vehicle, and fix the trunk. The total agreed price was {$2700.00}. 

I paid an initial payment of {$1700.00} through XXXX XXXX using my Navy Federal card, with the agreement that the work would be completed after the remaining balance was paid. 

After a second payment was made, the merchant did not complete the agreed-upon work. The repair was left unfinished, a faulty bumper was installed, and the vehicle was not properly repaired or repainted as agreed. 

I made multiple attempts to contact the merchant to have the work completed or corrected, but they stopped responding and have effectively abandoned the job. 

I contacted Navy Federal to dispute the charge for services not rendered / defective service, but I have been unable to obtain a resolution. 

I am requesting a full refund of {$2700.00} for services that were not completed as agreed.","Money transfer, virtual currency, or money service",Mobile or digital wallet,Fraud or scam,,NAVY FEDERAL CREDIT UNION,GA,
18067999,2025-12-03,"I requested lien-release records from my mortgage servicer, PHH Mortgage . Shortly afterward, I received an email impersonating MERS/CoreLogic with a suspicious link/attachment. I contacted XXXX XXXX XXXX XXXX, and they confirmed that they did receive a legitimate internal message from PHH Mortgage Family referencing the correct XXXX number ( XXXX ) and case number ( XXXX ), but they also confirmed that they did NOT send the email that I received. The email I received was fraudulent, timestamped around XXXX XXXXXXXX, and appeared designed to compromise my device or intercept my lien-release request. This occurred during an active bankruptcy and while unresolved insurance claims and title disputes were pending. The phishing attempt appears to be a targeted effort to interfere with my mortgage records, lien release, or loan information. This raises concerns of mortgage-servicing misconduct, failure to safeguard consumer information, and potential violations of RESPA, GLBA Safeguards Rule, and federal anti-fraud statutes. I am requesting that CFPB investigate PHHs communication security, the handling of my lien-release request, and the fraudulent communication I received.",Mortgage,Conventional home mortgage,Trouble during payment process,Lien release,Ocwen Financial Corporation,TX,
17630614,2025-12-01,"Regarding XXXX XXXX XXXX and Credence Resource Management To Whom It May Concern, I am filing this complaint to document a pattern of mishandling, misinformation, improper debt reporting, and suspicious activity involving XXXX XXXX XXXX and the debt collection agency Credence Resource Management. 

Background & Original Issue I was previously an XXXX XXXX XXXX customer with XXXX device balances remaining when I switched my service to XXXX. During that period, my email and account information were compromised, and I experienced significant security issues. Because of this, I decided to discontinue my XXXX XXXX XXXX service. 

During my communications with AT & T regarding the final balances, an XXXX XXXX XXXX agent explicitly informed me that the remaining device balances would be written off due to the circumstances surrounding the breach and the issues with my account. Based on that confirmation, I understood the matter to be resolved. 

XXXX XXXX  XXXX Reversal and Improper Transfer to Collections Despite the agents confirmation, XXXX XXXX XXXX later reversed that decision and claimed the balances were still owed. XXXX XXXX XXXX then sold the alleged debt to a collection agency. 

I disputed the debt with the credit reporting agencies and provided documentation concerning the breach and the misinformation from XXXX XXXX XXXX. The credit bureaus removed the item from my reports, acknowledging the inconsistencies and concerns. 

Reselling the Debt After Removal Despite the item being removed, XXXX XXXX XXXX ( or the previous collection agency ) subsequently resold the same account to a new debt collector, Credence Resource Management, who then reinserted the item on my credit report. 
This raises multiple concerns : Reinsertion of previously removed information without proper certification notice, as required by the FCRA Reselling of a disputed and compromised account Failure to acknowledge prior disputes and removals Potential violation of consumer rights Suspicious and Unnecessary Requests for Sensitive Information After I disputed Credences reporting, I received mail requesting that I send them the following sensitive information : Social Security number Drivers license Additional personal identifying information This request is highly suspicious and unnecessary, considering : XXXX. Credence already has my personal information ( including my SSN and date of birth ), which is how they were able to place the account on my credit report. 


XXXX. XXXX XXXX XXXX and Credence have both acknowledged the data associated with this alleged debt. 


XXXX. Requiring more identification duplicates the risks already associated with the account breach. 



Given my prior account compromise, these demands for additional sensitive documents appear unsafe and inappropriate. 

Concerns & Possible Violations The situation raises serious concerns regarding : Fair Credit Reporting Act ( FCRA ) violations Fair Debt Collection Practices Act ( FDCPA ) violations Improper reinsertion of previously removed credit data Misinformation and mishandling by XXXX XXXX XXXX Failure to honor XXXX XXXX XXXX own agents written-off confirmation Reselling disputed and compromised account information Potential consumer data security risks Thank you for your attention to this matter. 
XXXX XXXX XXXX",Debt collection,Telecommunications debt,Attempts to collect debt not owed,Debt was already discharged in bankruptcy and is no longer owed,"Kriya Capital, LLC",GA,
18345359,2025-12-29,"I am submitting this complaint to report improper servicing of my federal student loans by MOHELA, as well as potential violations of federal consumer protection laws, including the Gramm-Leach-Bliley Act ( GLBA ). 

MOHELA has failed to accurately service my federal student loan account, including but not limited to inaccurate account information, delays in processing repayment or forgiveness-related actions, improper billing, and insufficient or misleading communication regarding my loan status and eligibility for federal relief programs.

As a federal student loan servicer, MOHELA is entrusted with sensitive nonpublic personal information and is required under the Gramm-Leach-Bliley Act to maintain appropriate safeguards to ensure the security, confidentiality, and integrity of borrower information, as well as to provide accurate and reliable account administration. MOHELAs repeated servicing errors and lack of transparency raise concerns regarding its compliance with these obligations and its overall handling of borrower data and records.

Due to these servicing failures, I have been unable to clearly determine my eligibility for available federal relief programs, including income-driven repayment adjustments and potential forgiveness. MOHELAs actions and inaction have materially interfered with my ability to exercise rights and benefits provided under federal student loan programs.",Student loan,Federal student loan servicing,Dealing with your lender or servicer,Received bad information about your loan,MOHELA,TX,Servicemember
17834849,2025-12-08,"This account is being reported inaccurately. I was never billed for this debt. I reached out to the property XX/XX/XXXX about severe damage that was caused by the above with no response from the property. Additionally, the charges are not valid, as the damages were caused by other tenants or the property itself. I am formally requesting deletion.",Debt collection,Rental debt,Written notification about debt,Didn't receive enough information to verify debt,"National Credit Systems,Inc.",TN,
17831431,2025-12-08,XXXX is falsely reporting on my credit. I have never had any accounts with them. Per my research XXXX is a debt collector. They are falsely reporting on my credit!! Account number is XXXX is falsely reporting to my credit file and is against my rights and fair credit act. Under U.S Code XXXX - Disclosure of investigation consumer report ; you are in violation.,Debt collection,I do not know,Attempts to collect debt not owed,Debt was result of identity theft,"Ability Recovery Services, LLC",MS,
18206598,2025-12-21,"I am submitting this complaint regarding an issue with a financial institution that has failed to resolve my concern despite my attempts to contact them. I believe the companys actions are unfair and have caused me financial harm and stress. I am requesting the CFPBs assistance to review this matter and help ensure the company addresses the issue appropriately, corrects any errors, and provides a fair resolution in accordance with consumer protection laws. 

I have disputed this account, requested debt validation letters multiple times, never received anything.",Debt collection,I do not know,Written notification about debt,Didn't receive enough information to verify debt,ENCORE CAPITAL GROUP INC.,TX,
18208876,2025-12-21,"On XX/XX/year>, I received an email informing me that my PayPal account had been permanently limited due to a purported violation of their Acceptable Use Policy and User Agreement. I immediately attempted to resolve this through PayPals Resolution Center and by contacting customer service multiple times. Despite my efforts, I was not given any clear or specific information regarding what led to the limitation. Customer service said they could not find anything on my account to explain my situation. A PayPal representative confirmed they were unable to access the reason for restricting my account due to internal restrictions and ended the call abruptly.

After waiting the required 180 days in hopes of retrieving the remaining balance ( over {$300.00} ), I was informed on XX/XX/year>, that PayPal had seized the entire amount held in my account. This seizure was done without any detailed explanation, documentation, or proof of the restricted activities alleged. 
On XX/XX/year>, a "" correction '' was made on my account, and {$140.00} was refunded to my account. No communication was sent to me, no explanation, no breakdown. I only found this out after I randomly opened the app one day. My account is still blocked, and I can't withdraw the "" correction money '' that is currently in my account.

I believe this action is unjust, lacks due process, and may violate applicable consumer protection laws.","Money transfer, virtual currency, or money service",Mobile or digital wallet,"Managing, opening, or closing your mobile wallet account",,"Paypal Holdings, Inc",MI,
18238703,2025-12-23,"I contacted the State Treasurer because I never received my income tax refund check from the previous year. At that time, I was informed that the check had already been cashed. I explained that I never cashed the check and wanted to report it as fraud. 

The state then told me I needed to complete an affidavit, which I did. After that, I was informed that they could not obtain a copy of the cashed check and that I would need to contact the bank. 

When I went to the bank, I was told that I needed to file a police report. I completed that as well. Afterward, I was told that the check could be found in the system and that I would need to file a civil lawsuit.",Checking or savings account,Checking account,Managing an account,Cashing a check,Comerica,MI,Servicemember
18031749,2025-12-15,"In XXXX of XXXX, I was offered and took advantage of a XXXX month interest free period. Running from XXXX of XXXX till XXXX of XXXX. Prior to the start of that interest free period, I had XXXX out my balance with Discover. However, they charged me interest for XXXX months after that period and I requested a breakdown and explanation for that both verbally and through emails to their executive email address in XXXX and XXXX of XXXX. They repeated did not provide that information. I also inquired as to why they began to charge me interest prior to the end of the interest free period of XX/XX/XXXX. They were unable to answer that. I also requested information on how they applied my payments. They referred me and supplied me with their terms and conditions. However, that was not sufficient information, since the terms and conditions are vague and just state that they can apply payments at their discretion. I requested that they breakdown how they applied that discretion from XX/XX/XXXX through current billing period. They refused to provide that information. Ultimately, they are not being transparent about the methods that they use to apply their discretion. They repeatedly told me that if I wanted to reduce my balance that I would have to make payments above the minimum payment. However, what they failed to do was to closely look at my account. Every single month, and on average, I did in fact make payments above the minimum payment. However, those payments were not applied to the highest/oldest balance. 

The last phone call I had with XXXX of their representatives, I specifically requested that they provide the related information, however, their representative was unable to provide that information. I did inform their representative that I would be filing appropriate complaints and taking social media action as well. She acknowledged that she understood what my next steps would be, however, would not be able to provide the information that i requested.",Credit card,General-purpose credit card or charge card,Fees or interest,Charged too much interest,DISCOVER BANK,NC,
18153396,2025-12-18,"XXXX XXXX  sold a false account to XXXX XXXX, which keeps repeatedly calling with robo numbers i get at least XXXX daily different numbers call callback number doesn't exist, and I am on the national do-not-call list. They need to be severely fined!!!!!!!!",Debt collection,I do not know,Communication tactics,Frequent or repeated calls,ENCORE CAPITAL GROUP INC.,IL,Older American
17604213,2025-12-01,Company attempted to collect wrong amount. I've tried disputing through credit agencies. Account is negatively affecting my credit score.,Debt collection,I do not know,False statements or representation,Attempted to collect wrong amount,Consumer Adjustment Company Incorporated,MO,
18253623,2025-12-23,My information was heisted and this accounts are fraudulent and do not belong to me. I would like these accounts completely removed from all three credit bureaus on my credit report.,Credit card,General-purpose credit card or charge card,Getting a credit card,Card opened without my consent or knowledge,"TRANSUNION INTERMEDIATE HOLDINGS, INC.",IL,
18081943,2025-12-02,"I never opened an account with the company "" chime '' but i keep getting notfications to my email about "" my '' account. I think someone either opened an account with my email address or the company itself opened an account using my address? 

No funds have been taken or added to my real bank account with a completely different bank, but this is still highly disturbing! I don't know if they used my social security number or not, and I have not clicked on the links in any of the emails I received.",Checking or savings account,Checking account,Problem with a lender or other company charging your account,Transaction was not authorized,Chime Financial Inc,NC,
17902413,2025-12-09,"Your account was closed because it was linked to activity that goes against our Terms of Service ( https : //cash.app/legal/us/en-us/tos ). of activity that goes against our Terms of Service ( https : //cash.app/legal/us/en-us/tos ). 

You are still able to access your account, sell your bitcoin or other assets, and withdraw any remaining funds. However, all other features, including the Cash App Card, have been permanently disabled.

My response : Use it for day to day purchases food bills etc. Also friends and family send and receive. Also previously for direct deposit for unemployment benefits Not sure if its because im sponsoring a nephew but i use my card daily a d have no other recourse for banking please advise as to reinstatement of account","Money transfer, virtual currency, or money service",Mobile or digital wallet,"Managing, opening, or closing your mobile wallet account",,"Block, Inc.",MN,Servicemember
18034411,2025-12-15,"On XX/XX/25 I was charged XXXX separate times in the amount of {$20.00} each charge totaling an amount of {$1200.00}. I contacted Atlas and the merchant the charges were made to, XXXX, immediately. I heard nothing back from Atlas for XXXX days even though I had been consistently reaching out for information. Tonight they messaged me back saying that no fraud was committed and I was going to be out the {$1200.00}. I had already filed a complaint through the FBI 's fraud unit and my local police department as well as having provided the details the merchant requested to help sort it out on their end ( have not heard back from them either ). This is ethically wrong, wildly inappropriate and extremely terrible business practice. I need help rectifying this situation. After researching this issue it seems they have done this to thousands of customers.",Credit card,General-purpose credit card or charge card,Problem with a purchase shown on your statement,Credit card company isn't resolving a dispute about a purchase on your statement,Exto Inc.,VA,
18210133,2025-12-22,I had a cash app card and due to me turning XXXX and needing to renew my New York drivers license they notified me I had until the XX/XX/year> to send in my new photo identification they said a passport or identification I at the moment couldnt renew my New York State identification so I used my passport. I then was told I violated their terms of service when I asked what terms of service the support on the app and when I called both told me they dont have that information. When I appealed multiple times I received the same message.,"Money transfer, virtual currency, or money service",Virtual currency,Confusing or missing disclosures,,"Block, Inc.",NY,
18107516,2025-12-03,"I applied and was approved for capital one XXXX  credit card on XX/XX/year> ( XXXX ). An offer was made where if I spend {$4000.00} in the first 3 months of the card being issued I was to receive XXXX miles as a bonus. I successfully completed the offers terms and the miles were issued on XX/XX/XXXX ( XXXX ). Then my account was closed abruptly and without warning only 5 days later on XX/XX/XXXX ( XXXX ). All of my rewards were removed and I was told I would not be able to get them back. My account was in good standing and I had made all the payments on time. I believe this is was an intentional ploy to get me to run up a balance on the card, thinking I was to receive the rewards. All for capital one to cancel the card just 5 days after issuing them. Its dishonest and I wish to receive the rewards I had rightfully earned.",Credit card,General-purpose credit card or charge card,"Other features, terms, or problems",Problem with rewards from credit card,CAPITAL ONE FINANCIAL CORPORATION,NY,
18310152,2025-12-27,"I am reporting fraud by Resurgent Capital Services LLC, LVNV Funding LLC, XXXX XXXX XXXX XXXX etc who falsely represent that General Disputes /Correspondence must be sent to : General Disputes/ Correspondence XXXX XXXX XXXX XXXX XXXX XXXX XXXX XXXX SC XXXX XXXX order to dispute a "" debt ''. After I have already spent monies to send my dispute via certified mail to all these entities for their "" account number XXXX XXXX XXXX XXXX XXXX XXXX XXXX XXXX XXXX XXXX XXXXXXXX '' "" Your reference id : XXXX '', they represented I have to send them my dispute to : XXXX XXXX XXXX XXXX XXXX XXXX XXXX XXXX, SC XXXX to them. My written XX/XX/XXXX Dispute and Debt Validation Request was received by these FRAUDSTERS via certified mail and now I have to send it AGAIN. This is DISPICABLE. Attached is my XX/XX/XXXX Dispute and Debt Validation Request and a second XX/XX/XXXX Dispute and Debt Validation Request which they forced me to send them again via certified mail. I again paid for the certified mail. 

I demand they respond in writing to my written XX/XX/XXXX Dispute and Debt Validation Request, also second XX/XX/XXXX Dispute and Debt Validation Request and provide all info and documents requested. What a SCAM!",Debt collection,I do not know,Attempts to collect debt not owed,Debt is not yours,Resurgent Capital Services L.P.,NY,
18395505,2025-12-31,"Apparently I took a loan out for {$650.00}. I dont remember this but they stated they attempted to reach me and it was 3 months behind. So today they took {$560.00} from my bank account and it wasn't authorized. I called after XXXX the place and tried to get them to reverse if as its my rent money and im already 3 months behind. They refused stating they never received contact before during their attempts to call. i have no mail from them, and my XXXX sends all non saved numbers to vm, i have no vm from them either. when i asked the collections member what was total loan amount she said {$650.00} and they took payment of {$560.00}. She then proceeds to say remaining balance is {$650.00}. i asked how could a payday loan of less than {$1000.00}, have an interest rate that allows another {$650.00} to be taxed to me but not issued to me. She couldn't provide me details. This place is trying to rob me blind. I want to sue them. I don't have those funds, it ruined my rent due and my XXXX this weekend. They are charging an interest rate of 349 % and loan principal of {$650.00} which makes a {$650.00} loan equal XXXX which is a scam","Payday loan, title loan, personal loan, or advance loan",Payday loan,Money was taken from your bank account on the wrong day or for the wrong amount,,CCF Intermediate Holdings LLC,SC,
18332477,2025-12-28,"XXXX XXXX XXXX XXXX. XXXX XXXX XXXX XXXX XXXXXXXX XXXX XXXX Date : XX/XX/year> Title : CFPB XXXX XXXX XXXX XXXX XXXX Dear CFPB Representative, I've included my formal complaint about the inaccurate credit reporting of a broken lease at XXXX XXXX XXXX, XXXXXXXX XXXX XXXXXXXX, reported by XXXX XXXX XXXX XXXXXXXX XXXX to XXXX XXXX XXXX XXXX 

Included in this package : CFPB Complaint Letter detailing circumstances, including displacement due to criminal activity and medical necessity related to veteran XXXX. 

Supporting Document Checklist an organized list of attachments for verification. 

I respectfully request that the CFPB review the reporting, direct the correction or removal of the account, and confirm the actions taken. 
I am submitting this complaint regarding a broken lease that XXXX XXXX XXXX XXXX XXXX inaccurately reported on my credit file and submitted to XXXX XXXX XXXX XXXX 

Background : I am the spouse and full-time caregiver of a retired XXXX XXXX XXXX XXXX with XXXX and XXXX XXXX XXXX. 

Our family was forced to leave the apartment at XXXX XXXX at XXXX XXXX, XXXX XXXX XXXX, XXXXXXXX XXXX XXXXXXXX on XX/XX/year>, due to repeated vehicle vandalism, harassment, and stolen mailincluding VA correspondence. 

Remaining in this residence was unsafe and worsened my husbands medical conditions. Leaving the apartment constituted constructive eviction due to hazardous conditions and medical necessity. 

Police intervention was insufficient despite repeated reports. 

Issue : The landlord/management company reported this account as a broken lease or delinquency. 

This reporting ignores medical necessity and XXXX protections under the Fair Housing Act and the Americans with XXXX XXXX. 

The reporting has negatively impacted my credit and housing access. 

Requested Action : Investigate the reporting of this broken lease. 

Direct correction or removal from my credit reports. 

Confirm corrections are reported to XXXX XXXX XXXX XXXX 

Supporting Documentation : Included in package. 

Sincerely, XXXX XXXX XXXX I was unable to upload a copy of the lease, I also have more pictures and documentation regarding this apartment complex, please do not hesitate to call. 
XXXX",Debt collection,Rental debt,Attempts to collect debt not owed,Debt is not yours,"National Credit Systems,Inc.",TX,Servicemember
18215207,2025-12-22,"On XX/XX/XXXX an appointment with XXXX XXXX in XXXX XXXX, Illinois was made with regard to a fraudulent posting on my checking account on XX/XX/XXXX with Bank of America in the amount of {$290.00} which has not yet been resolved. This was the start of something very sinister and strange with regard to my small business account with this banking company. 

Please note that I balance this account every month but due to the sudden death of my son and his memorial service being held on XX/XX/XXXX, that accounting work was not done until XXXX due to the anguish of grief which paralyzed me. I was informed by the funeral XXXX and/or the police that this is when a lot of monetary fraud occurs because they take advantage of this kind of situation. 


On XX/XX/XXXX another appointment was made with XXXX XXXX at the XXXX XXXX, Illinois XXXX XXXX Bank of America where I was very distraught over a balance on my small business account credit card in the amount of nearly {$950.00} ending in XXXX but I don't have a credit card that ends in that sequence but I do have a credit card that ended in XXXX which has been paid in full each and every month. He was unable to explain why the amount of nearly {$950.00} is due and owing even though the credit card bill is paid In full and on time each and every month since this account was started years ago. I was given the last XXXX years of statements showing that those payments from my credit card that I used were paid in full and on time which is probably why I have a XXXX XXXX XXXX which is no small feat. 

I have written several times to the XXXX Department at BOA to no avail as well. 

Thank you for your consideration in this regard. Very Truly, XXXX XXXX XXXX",Credit card,General-purpose credit card or charge card,Problem with a purchase shown on your statement,Credit card company isn't resolving a dispute about a purchase on your statement,"BANK OF AMERICA, NATIONAL ASSOCIATION",IN,Older American
18298326,2025-12-26,"I suddenly got a collection on my account for a XXXX XXXX phone account, and I have never had XXXX XXXX in my life. They have not provided proof of debt and have sent this enoronus account to collections ruining my credit.",Debt collection,Other debt,Attempts to collect debt not owed,Debt is not yours,"Credit Control, LLC",GA,
18209400,2025-12-22,"I made a purchase of {$53.00} on XX/XX/year> and returned the items on XX/XX/year>. I then made a payment of {$30.00} on my due date of XX/XX/year> from my bank account which is accessible to see on my account. The next purchase I made was on the date of XX/XX/year> for {$110.00}. I spoke to at least 4 customer service representatives, 1 manager and a social media representative on the following dates : XX/XX/year>, XX/XX/year>, XX/XX/year>, XX/XX/year> and XX/XX/year>. A dispute was made and denied. Firstly, the dispute is not even addressing the correct issue, which is a partial refund dispute not a purchase dispute. There is no live representative in the Claims Department to speak with directly to correct the claim, which means the claim will have to be restarted. Another mistake on the end of the customer service representative not documenting correct information. The last resort was with the social media representative who advised that the {$30.00} credit was applied as an exchange for a {$30.00} purchase made, which I do not see on any of my account history. I asked for written correspondence with those details as I do not see that on my account. I was referred to my account again and to customer service. I have proof on my account, none which show a direct exchange. I also have proof of the Claims Department denying a purchase dispute not a partial refund dispute. I also have proof of the conversation from the social media representative referring me back to my account and Customer Service which I advised I already exhausted those avenues. I have been a loyal customer to XXXX XXXX for well over a decade and this has been the worst customer service to date. Constantly being pushed to customer service representatives over {$30.00} with no written proof of details is extremely unacceptable and frustrating. A {$30.00} store credit is the very least XXXX XXXX can do for several inconveniences over the last month.",Credit card,Store credit card,Problem with a purchase shown on your statement,Credit card company isn't resolving a dispute about a purchase on your statement,"Bread Financial Holdings, Inc.",NJ,
18041456,2025-12-02,"CONCORA HAS CREATED AN UNFAIR, CONFUSING, AND HOSTILE SERVICING ENVIRONMENT ACROSS ALL THREE OF MY ACCOUNTS ( INDIGO, DESTINY, AND MILESTONE ). Despite multiple documented hardship notices and formal regulatory filings, Concora refuses to provide anything in writing. They continue to push call us scripts, which violate my request for written communication only. 

This is now MONTH TWO of being unable to pay due to job loss. Instead of working with me, Concora increased my minimum payments, added fees. They are fully aware of this request, yet continue to ignore it. 

Their response on a prior CFPB complaint was generic, delayed by WEEKS, and did not address anything I actually said. They falsely claimed options can not be offered in writing, which is unacceptable and appears designed to avoid regulatory documentation. Meanwhile they continue to pressure me to call, even though they claim my account is under cease-and-desistanother contradictory and confusing representation. 

Concora also stated in writing that they can assist with hardship, yet provide no written explanation of what those hardship options are. They continue to raise minimum payments, add new fees, and send physical mail, while offering no actual support or clarity. 

This servicing behavior is abusive, unprofessional, and shows complete disregard for my documented hardship, my privacy rights, and my repeated written communication requests. I need these accounts handled * * fairly, consistently, and in WRITING * *, not through hostile call-center scripts and contradictory statements.",Credit card,General-purpose credit card or charge card,Fees or interest,Problem with fees,"CLGF Holdco 1, LLC",CA,
18113104,2025-12-03,"OneMain Financial improperly refused to apply my {$4800.00} insurance refund to future monthly installments, even though my signed loan agreement states that the lender may use insurance proceeds to reduce the amounts I owe whether or not they are due. The contract does not restrict how these proceeds must be applied. 

When I spoke with the XXXX Executive Office, the representative explicitly told me the reason for the denial : an internal proprietary policy that requires insurance proceeds to be applied to principal. 
She also stated she was not allowed to provide me a copy of the policy. 

This policy was never disclosed to me in my loan agreement and contradicts the written terms of my contract. 
I was never shown this policy at signing, it is not part of my disclosures, and I never consented to it. 

I requested : a copy of the policy, the policy name or number, the contract clause that prohibits my request, a written denial, and the system name being cited as the reason for the refusal. 

XXXX refused all of these. 

I was transferred between multiple departments ( branch, insurance department, loan servicing, customer care, and the Executive Office ).

No one could explain : why the contract language does not allow my request, why the proceeds were posted as Payment Paid if the system can not apply payments, why the proprietary policy overrides my contract, why the policy can not be provided, or what system allegedly prevents proper application.

The Executive Office confirmed the denial is not based on my contract, but on a secret internal policy they refuse to disclose. 

It appears XXXX is using a non-disclosed internal rule to limit my contractual rights. 
This is an unfair, deceptive, and abusive practice, because a lender can not enforce hidden internal policies that contradict the written agreement a borrower signed. 

This refusal has caused unnecessary interest accrual, financial hardship, and a loss of the contractual flexibility I am entitled to.","Payday loan, title loan, personal loan, or advance loan",Personal line of credit,Problem when making payments,,OneMain Finance Corporation,TN,
18308320,2025-12-26,"I executed a Retail Installment Sales Contract that discloses a security interest only in favor of the originating dealer. The contract does not disclose that Ally Financial has or will acquire a security interest, nor does it identify Ally as a secured creditor. Under 15 U.S.C. 1638 ( a ) ( 9 ) and Regulation Z, 12 C.F.R. 1026.18 ( m ), any secured creditor must be disclosed at consummation.

Despite this, Ally has asserted repossession authority and maintained an open repossession order. I provided Ally a written dispute identifying the disclosure defects and requesting mitigation, yet enforcement activity remains open during regulatory review. Payments were demanded and collected under the asserted authority of a security interest that was never disclosed or consented to. The account is also being reported to consumer reporting agencies in a manner that is disputed and unverifiable.",Vehicle loan or lease,Loan,Repossession,Lender trying to repossess or disable the vehicle,ALLY FINANCIAL INC.,FL,
18027609,2025-12-14,"In XX/XX/year> I applied for the Chase XXXX card with benefits which were given to me on a XXXX flight from the XXXX ( two lounge passes and XXXX bonus miles with a $ XXXX spent ). 
I activated the card as soon I received it in XX/XX/year> and started using it as part of my XXXX wallet. After XXXX + transactions the card was all of the sudden flagged by the security team at Chase when I was on a business trip in Virginia and tried to pay the vendor {$1400.00} in addition to the {$1700.00} already paid in two transactions. When I called the XXXX  dept not only I was disrespected but give XXXX  excuses why the transactions did not go through which ultimately points to the bank interfering with my business. When the transactions were not processed I was not contacted to my valid phone number listed on the account and it seems that the special promotion code that was included in the application was also not processed. As of today I received no two lounge passes which should have been sent to me either to my email or my address ( I preferred hard copies sent to my mailing address ). Again when contacting Chase I was told that it is a responsibility of United Airlines to deliver the passes and since I did not disclose my mileage # ( I actually did on the application as XXXX XXXX ) the order for these passes were not processed. The US representative of the Chase also made a statement signaling that the bank has a very lax security procedures as giving me a statement that my card was "" not properly activated '' when in fact it was. So in other words the if the card was not properly activated why was it allowed to be used as part of the XXXX wallet not to mentioned a variety of retail purchases? It seems that the both the Chase customer service and security dept is completely out of control and they will make up the reasons why the card is allowed to be used/unused based on some kind of defective algorithm. Or worse the Chase Bank uses its line of credit which is a credit card to interfere with its customer base businesses. I am saying this as member in good standing that pays the credit card bills on time.",Credit card,General-purpose credit card or charge card,Trouble using your card,Can't use card to make purchases,JPMORGAN CHASE & CO.,IL,
17886441,2025-12-01,"Company : XXXX / XXXX  Issue : Account frozen / funds withheld Amount : {$50.00} Date problem started : XX/XX/year> ( or the correct year if different ) Complaint : XXXX suspended my account in XXXX for suspicious activity. I completed the required identity verification immediately, but XXXX  has continued to hold my {$50.00} balance for months with no explanation or resolution.

I have repeatedly asked for clarification, but XXXX  has not provided a reason for the ongoing hold or instructions on how to access my money. This delay is unreasonable and appears to violate consumer protection requirements. I am requesting that XXXX  immediately release my funds or return them to the original funding source.","Money transfer, virtual currency, or money service",Mobile or digital wallet,Fraud or scam,,"Paypal Holdings, Inc",CA,
17890018,2025-12-09,"There are collection accounts on my report that I believe contain inaccurate information. Under my rights pursuant to 15 USC 1681e ( b ) and 15 USC 1681i, I am entitled to an accurate credit report. I request a review of these entries, and if they can not be verified as accurate, I ask that they be removed.",Debt collection,Other debt,Written notification about debt,Notification didn't disclose it was an attempt to collect a debt,"TRANSUNION INTERMEDIATE HOLDINGS, INC.",SC,
17888406,2025-12-09,"So today on XX/XX/XXXX at XXXX I got a text message saying that somebody tried to charge my account {$140.00} for XXXX at and located in XXXXXXXX XXXX that I said no this was not me that I had someone call me with from XXXX ( XXXX ) XXXX in which they tried to get me to Provide information regarding my account the verification code the password the email all that information to then sort of release my account and I was on the phone with these people for about 10 minutes after they asked me to put in the code that so if I sent Me, I saw that the text message thread was typing and then no typing XXXX ( XXXX ) XXXX which I find very suspicious for an automated computer. so they were saying so then I called actually Sofi bank in which they went ahead and told me just to change my password that they dont see any unusual behavior. I had to call Sofis fraud department.",Checking or savings account,Checking account,Managing an account,Deposits and withdrawals,"SOFI TECHNOLOGIES, INC.",FL,Servicemember
17811438,2025-12-07,"On XX/XX/2025, Lloyd & McDaniel , PLC filed a lawsuit against me in XXXX XXXX, Florida, without ever serving me notice of the lawsuit. I discovered the suit only because I received unsolicited advertisements from attorneys, not because the Plaintiff or their law firm complied with Florida service requirements. 

This legal action was taken while my account was in an active CFPB dispute, an XXXX state regulatory complaint, and after XXXX XXXX issued a written cease-and-desist letter dated XX/XX/2025. XXXX XXXX letter explicitly states that the account was placed with XXXX XXXX XXXX from XXXX XXXX XXXX 2025, then placed with Lloyd & McDaniel, and that XXXX XXXXXXXX is no longer servicing this account. 
This contradicts the representation now being made in court that XXXX XXXX is the rightful Plaintiff with standing. 

Lloyd & McDaniel also conducted unlawful collection activity in Florida prior to litigation while using an invalid business entity ( XXXX instead of XXXX ). Their filings, letters, and statements use Lloyd & McDaniel , PLC, which is not licensed or registered as a Florida collection agency under Chapter 559, Florida Statutes. 
The only license found in Florida is for a different entity ( PLLC ), creating a serious chain-of-authority defect. 

Despite multiple validation requests, no contract, no chain of custody, and no lawful documentation were ever provided. Instead, they repeatedly sent only monthly statements, which do not satisfy verification requirements under the FDCPA or Floridas FCCPA.

Suing a consumer without serving notice, during an active federal dispute, while using an unlicensed entity, and without proper validation constitutes abusive, deceptive, and unlawful conduct. This appears to be an attempt to secure a default judgment through improper means. 

I am requesting full investigation and regulatory action.",Debt collection,Credit card debt,Took or threatened to take negative or legal action,Sued you without properly notifying you of lawsuit,"Lloyd & McDaniel, PLC",FL,
18393942,2025-12-31,"On Sunday XX/XX/2025 I went to the XXXX XXXX XXXX. I went to the Gap store and went to check out. The cashier checking me out said you can save XXXX  % just by checking if you approve for the Gap credit card. I was not informed that this would open a new credit card account. I thought it was only a check to receive XXXX  % off. Once she checked it, she told me I approved and handed me a booklet with a receipt and told me the purchase will be charged to my new credit card. I was confused and told her that I didn't want to open an account and asked if she could undo it. She said she couldn't do it. A couple days later I received a credit card in the mail and realized an account had been opened without my informed consent. I have been working on my credit for the past couple of months and this account will negatively impact that. I contacted the issuer and explained that the account was opened due to cashier misrepresentation, they closed the account, and I paid the balance of {$56.00} on XX/XX/2025 via online. I am requesting removal of this account from my credit report due to misrepresentation and deceptive enrollment.",Credit card,Store credit card,Getting a credit card,Card opened without my consent or knowledge,BARCLAYS BANK DELAWARE,NY,
17888107,2025-12-09,"Comenity Capital Bank approved me for an XXXX XXXX XXXX card on XX/XX/year> with an {$8300.00} limit ( acct ending XXXX ). After approval, all transactions were declined. 

I filed CFPB complaint XXXX about this issue. While that complaint is still open, XXXX sent two new, contradictory letters : XX/XX/year> letter claiming they needed to update the Social Security number on my account and demanding a copy of my drivers license and Social Security card. 
XX/XX/year> letter permanently closing my XXXX XXXX account due to unspecified continued security concerns involving this account, with no factual explanation or identification of any credit bureau or fraud vendor. 

I already provided valid ID and bank statements earlier, yet my account was closed anyway. The explanations in the letters conflict ( fraud/security vs. SSN update ) and I still have no idea what the alleged security concerns are or how to correct them. 

These actions appear inconsistent with the Equal Credit Opportunity Act ( ECOA ) and Fair Credit Reporting Act ( FCRA ) adverse-action requirements because Comenity has not provided specific reasons or identified any consumer reporting agency or third-party data source used. 

Requested resolution : 1. Provide a written, specific explanation of the security concerns, including the data used and the name/address/phone for any consumer reporting agency or fraud/identity vendor.

2. Remove any inaccurate fraud/identity flags associated with my name and SSN and correct any information furnished to third parties. 
XXXX. Reinstate my XXXX XXXX account or provide a fully compliant adverse-action notice so I can directly dispute any inaccurate data. 

Note : Please connect this complaint with my existing CFPB complaint XXXX regarding the same account.",Credit card,General-purpose credit card or charge card,Closing your account,Company closed your account,"Bread Financial Holdings, Inc.",NY,
18198662,2025-12-20,"Wrote Discover asking why they marked multiple billing statements as purchases. They have outright refused to credit my account the "" purchases '' and continue to bill "" purchases. ''",Credit card,General-purpose credit card or charge card,Fees or interest,Problem with fees,DISCOVER BANK,IL,
18155698,2025-12-18,"I purchased a vehicle lease through Carvana and, as part of that transaction, I purchased the XXXX service contract, which is administered by XXXX. I paid for this coverage specifically to protect myself from major repair costs during the life of the lease. 

In XX/XX/year>, my vehicle experienced a coolant system failure, which is a covered component under the XXXX warranty. The coolant leak caused contamination and damage to the turbocharger, which is also a covered component. As a direct result of these covered failures, the catalytic converter suffered damage and was destroyed. The repair facility confirmed that the catalytic converter did not fail due to wear, age, or maintenance issues, but instead failed because of the coolant and turbocharger failures. 

XXXX approved coverage for the coolant system and turbocharger but denied coverage for the catalytic converter. The stated reason for denial was that the catalytic converter is considered routine maintenance. This classification is not supported by the written warranty. The XXXX contract states that all assemblies and parts are covered unless specifically excluded. The catalytic converter is not listed anywhere in the contract as an excluded component, nor is it listed as a maintenance or wearable item. The contract also contains no exclusion for consequential damage caused by the failure of covered components. 

I repeatedly requested that XXXX and Carvana provide the specific contract clause relied upon to deny coverage for the catalytic converter. Neither company has been able to identify any such exclusion. 

I escalated the issue to XXXX XXXX XXXX. After review, they initially stated they could not override XXXX determination. I then filed a complaint with the New Jersey Department of Banking and Insurance. The Department reviewed the matter and determined that it involved potential warranty and consumer protection issues, and formally referred the complaint to the New Jersey Department of Law & Public Safety, Division of Consumer Affairs ( Warranty Bureau ). 

After this referral, XXXX XXXX XXXX reopened the claim and stated that XXXX would conduct a higher-level review and assign a case manager. XXXX sent an acknowledgment letter confirming that the complaint was under review. However, after that acknowledgment, both Carvana and XXXX stopped responding entirely. As of the date of this complaint, no case manager has contacted me, no status update has been provided, and no determination has been issued. 

This complaint concerns the failure to honor a written vehicle service contract, improper reclassification of a major emissions component as routine maintenance, denial of consequential damage without contractual basis, and ongoing non-response after regulatory escalation. I am seeking enforcement of the warranty according to its written terms and a substantive response to my claim.",Vehicle loan or lease,Lease,Managing the loan or lease,Problem with additional products or services purchased with the loan,"Carvana Group, LLC",NJ,
18386414,2025-12-31,"Aidvantage student loan servicer never sent me a written bill or delinquency notice before they tanked my XXXX XXXX. I have asked them to provide me proof of such notices, but they cant because it never happened. The negative credit reporting is illegal and should be reversed right away.",Student loan,Federal student loan servicing,Incorrect information on your report,Account information incorrect,"Maximus Federal Services, Inc.",KY,
17841373,2025-12-02,"I am writing to formally appeal the permanent limitation placed on my PayPal account and to urgently request a review of my case. My funds are currently being held, and this situation has become critical to my well-being. I have already submitted an appeal through the standard process, including providing all requested identification documents and account information, but I have not received a resolution that reflects the seriousness of my circumstances. 

At this time, the money in my PayPal account is essential for covering basic, life-sustaining needs such as food, transportation, and necessary XXXX. My financial situation is extremely fragile, and these funds are not optional or discretionarythey are directly tied to my health and survival. Being unable to access them places me in an urgent and potentially XXXX position. 

I fully understand and respect PayPals responsibility to maintain security, prevent fraud, and uphold compliance standards. However, I believe the limitation on my account may have been applied in error or without full context. I am more than willing to provide any additional verification, documentation, or clarification needed to demonstrate that my account activity is legitimate and that I am the rightful owner of all funds associated with the account. 

I respectfully ask that my case be escalated for immediate review due to the severe impact this limitation is having on my ability to meet essential living and medical needs. I am not requesting special treatmentonly a fair reassessment based on the information I have already provided and the urgent nature of my current situation. 

Please consider the gravity of this matter and assist me in regaining access to my funds as quickly as possible. I would be grateful for any update, guidance, or next steps you can provide so that I may resolve this issue promptly. 

Thank you for your attention, understanding, and consideration. I hope to hear from you soon regarding a possible resolution.","Money transfer, virtual currency, or money service",Mobile or digital wallet,Trouble accessing funds in your mobile or digital wallet,,"Paypal Holdings, Inc",MI,
18385090,2025-12-30,"From XXXX XXXX till XXXX XXXX, XXXX took {$60.00} from my Checking account, Every month. When I finally realized in XXXX, they cut the transactions off and I received XXXX out of the XXXX transactions back to my account, XXXX then informed me that they have to do the rest in a Check because it was over there XXXX  day policy. I said that is fine, when another month passed and I didnt receive the check I called them again. They said they had no idea what I was talking about and that my case was closed. I put in multiple complaints after that and nothing has changed. After investigating I come to learn they have done this before and have been for many years. That is why I am escalated the {$200.00} they owe me, they can not keep getting away with this.",Checking or savings account,Checking account,Problem with a lender or other company charging your account,Transaction was not authorized,PNC Bank N.A.,NJ,
18339912,2025-12-29,"To Whom It May Concern, I am writing in response to your communication regarding an alleged debt you claim I owe. This letter is a formal request for validation of the debt pursuant to my rights under the Fair Debt Collection Practices Act ( FDCPA ), 15 U.S.C. 1692g.

Please provide verification of the debt, including but not limited to : The amount of the debt and an explanation of how it was calculated The name of the original creditor Copies of any documents bearing my signature that show I agreed to assume this debt Proof that you are legally authorized to collect this debt I want you to send me a detailed list of the history of payments made by me on this account Im asking to see has there been any insurance claim found on this debt I want proof that you have the chain of title to collect on this debt Until you provide the requested verification, please cease all collection activities related to this account. 
This request is not an acknowledgment of responsibility for the debt. 
Thank you for your prompt attention to this matter. 
Sincerely, XX/XX/year> XXXX",Debt collection,Credit card debt,False statements or representation,Attempted to collect wrong amount,Top Line Collectors LLC,FL,
17759953,2025-12-05,"I am writing regarding the above-referenced account. Under the Fair Debt Collection Practices Act ( FDCPA ), 15 U.S.C. 1692g ( b ), I request that you validate this alleged debt before any further collection activity or reporting.

Please provide : The original creditors name and address.

The original account number.

Documentation proving I am legally obligated to pay this debt.

A detailed accounting of the alleged balance. 

Proof your company is authorized to collect this debt.",Debt collection,I do not know,Attempts to collect debt not owed,Debt is not yours,"CITIBANK, N.A.",IL,
17894801,2025-12-09,"I received an email that an account was opened using my email address for the chime app. I believe the url is chime.com. Afterwards, I received an email saying the phone number associated to the account was changed. Then emails about transactions to and from the account. I tried to call them to close the account but they request my name, birthdate and other information because they would do anything. I refused because I don't have an account with them and I'm worried about fraud. 
I'm not sure how to proceed but the account is still open. the email used is the same email in this account.",Checking or savings account,Checking account,Opening an account,Account opened without my consent or knowledge,Chime Financial Inc,CA,
18141760,2025-12-18,"I never received any notice regarding a collection account from credit collection services. I was paying the original creditor ( XXXX ) on a steady basis and was never informed of the account going to a collection agency. No notice, no phone call from the collection agency. Next thing I know I see credit collection services on my credit report. Credit collection services is reporting as the original creditor but I never had an account with them.",Debt collection,Other debt,Written notification about debt,Didn't receive notice of right to dispute,"CCS Financial Services, Inc.",NJ,
17869384,2025-12-04,"There are collection accounts on my report that I believe contain inaccurate information. Under my rights pursuant to 15 USC 1681e ( b ) and 15 USC 1681i, I am entitled to an accurate credit report. I request a review of these entries, and if they can not be verified as accurate, I ask that they be removed.",Debt collection,Other debt,Written notification about debt,Notification didn't disclose it was an attempt to collect a debt,"EQUIFAX, INC.",CA,
18296058,2025-12-26,Saying theyre closing my account due to my activity but ive done nothing wrong but used it as a normal checking account and wont let me access my funds and there is no closest branch near me at all I have bills due and theyre keeping my money from me,Checking or savings account,Checking account,Closing an account,Company closed your account,PENTAGON FEDERAL CREDIT UNION,OH,
18333160,2025-12-29,"Decembeer XXXXXXXX XXXX XXXX  SUBJECT : COMPLAINT REGARDING 5/3 BANK ACCOUNT CLOSURE FUND ISSUES, AND THREATING ACTS XXXX XXXX XXXX  Hello, I am writing to formally submit a complaint against 5/3 Bank concerning the unexpected closure of my account and the unresolved issues regarding my funds. 
On XX/XX/2025 I deposited a cashier 's check in the amount of {$200000.00}. On XX/XX/XXXX I was notified by mail that my account was closed due to alleged "" suspicious activity. I have never received anything like this and while I appreciate the need for vigilance in preventing fraud, I am greatly concerned about the lack of communication from the bank and the inadequate handling of my situation. What suspicious activity? 
I Especially needed the money at this time to help pay for XXXXXXXX XXXX XXXX and many medications. There I stood in the lobby, awkward, XXXX XXXX  and feeling awful. I was so XXXX and these employees were trying to intimidate me and wanted me to tell them information I had no way of knowing. 

As of today XXXXXXXX XXXX I have not received my funds, and my several attempts at contacting 5/3rd have largely gone unanswered. Except when a male Sr. analysist told me to forget it, quit coming back and calling. Your money is gone!! During a visit to the XXXX XXXX, on XXXX XXXX in XXXX, I was met with aggressive questioning about the source of the cashier 's check which I found both distressing and unprofessional. I was not even sure I was understanding what they were asking me ; where did i get the money? did someone contact me on line? etc. Over the next few days, I became more understanding of the situation and became angry. 
I would return over and over to the XXXX XXXX on XXXX XXXX in XXXX asking for my money and again I received threats and nasty remarks from the tellers and the bank manager. I was put in a private office and was drilled with more questions with questions. Why was I been persecuted so? I just wanted my money! 
I am also worried that this incident may be reported negatively to other financial institutions, affecting my ability to open accounts in the future despite my innocence in this matter.

I Kindly request your assistance with the following : 1. An investigation into 5/3rd Bank 's actions concerning the closure of my account and their threating procedures.

2. Support in recovering my funds from the cashier 's check.

3. Guidance on preventing any negative reporting to other financial institutions relating to this issue.

I believe my rights as a consumer have not been respected, and I trust that your agency can help facilitate a resolution. I am ready to provide any additional documentation necessary to support my case. I am also ready to hire legal assistance. 

Thank you for your attention to this matter. I look forward to your prompt response and assistance. 

MY COMMENT FROM 5/3 PRISENDENTS SECRETARY ON XXXX XXXX STATED THAT THEY WERE STILL INVESTIGATING THE SITUATION, I NEVER HEARD BACK. IF YOU NEED IT, I ALSO HAVE A COY OF THE ENDORSED CANCELLED CHECK",Checking or savings account,Checking account,Managing an account,Problem making or receiving payments,FIFTH THIRD FINANCIAL CORPORATION,OH,Older American
18390361,2025-12-31,"I am filing a complaint for reporting inaccurate information regarding late payments on an account that has been closed. Under 15 U.S. Code 1681i ( a ) ( 1 ) ( A ), I am exercising my right to dispute this incomplete and inaccurate information. U.S. Bank is required by law to investigate this matter within 30 days of receipt of my dispute and to remove or correct any information that can not be verified as accurate. Additionally, under 15 U.S. Code 1681e ( b ), credit reporting agencies must "" follow reasonable procedures to assure maximum possible accuracy. '' Reporting a late payment without adequately verified documentation from the furnisher is a clear violation of this statute, and I request that corrective action be taken to ensure my credit report is accurate and fair.",Debt collection,Auto debt,Attempts to collect debt not owed,Debt was paid,U.S. BANCORP,IL,
17763892,2025-12-05,"Chase Bank has held my funds ( {$14000.00} ) frozen for over one year without providing any written explanation or timeline for resolution.

Before receiving those two written statements, I had multiple phone conversations with Chases Executive Office trying to resolve this issue, but I did not receive any clear explanation or progress. Earlier this year, Chase sent me two written statements claiming that my funds could not be released because the recall was initiated by XXXX  XXXX XXXX and therefore only XXXX  XXXX XXXX could release the funds. 

However, I recently learned from XXXX  XXXX XXXX that the recall was actually canceled in XXXX XXXX. This was also partially confirmed to me in an email from XXXX XXXX. 

In addition, during a phone call on XX/XX/XXXX, XXXX representative XXXX ( who is handling my case ) verbally confirmed that the recall had indeed been canceled in XX/XX/XXXX. A XXXX  XXXX XXXX banker was physically present with me during the call and spoke with XXXX directly ( with my permission ). XXXX confirmed to him as well that the recall had been canceled. 

Despite this, Chase froze my account months later, in XX/XX/XXXX, and has kept the funds unavailable ever since. 

Chase has been unable to explain : why the account was frozen after the recall was already canceled, why the freeze has lasted more than a year, why I received written statements that were inaccurate, why the case remains in investigation, and why no written explanation is being provided. 

Chases representative stated that the case is with the XXXX Department but can not provide a timeline or any written information. 
This prolonged situation, the inconsistent and incorrect information I received, and the inability to access my own funds for more than a year have caused me extreme emotional stress. My health has significantly deteriorated, and I recently suffered my XXXX  XXXX XXXX, with the continuous stress from this unresolved issue contributing to my condition.First, I want Chase to immediately release my funds of {$14000.00} and provide a clear written explanation of why my account was frozen in XX/XX/XXXX even though the recall had already been canceled in XX/XX/XXXX. 

Second, I want Chase to correct its records, acknowledge that the information provided to me ( both verbally and in writing ) was incorrect, and explain why I was repeatedly told that XXXX  XXXX XXXX was holding an active recall when this was not true. 

Given the severe emotional stress this situation has caused and its negative impact on my health including contributing to my XXXX  XXXX XXXX I believe it would also be fair for Chase to consider an appropriate compensation for the hardship and harm that this prolonged and unexplained freeze has caused me. 

Finally, I want written assurances that this situation will not happen again in the future.First, I want Chase to immediately release my funds of {$14000.00} and provide a clear written explanation of why my account was frozen in XX/XX/XXXX even though the recall had already been canceled in XX/XX/XXXX. 

Second, I want Chase to correct its records, acknowledge that the information provided to me ( both verbally and in writing ) was incorrect, and explain why I was repeatedly told that XXXX  XXXX XXXX was holding an active recall when this was not true. 

Given the severe emotional stress this situation has caused and its negative impact on my health including contributing to my XXXX  XXXX XXXX I believe it would also be fair for Chase to consider an appropriate compensation for the hardship and harm that this prolonged and unexplained freeze has caused me. 

Finally, I want written assurances that this situation will not happen again in the future.",Checking or savings account,Checking account,Closing an account,Funds not received from closed account,JPMORGAN CHASE & CO.,CA,Older American
17835042,2025-12-08,"Good morning. 
I am a Truist bank customer. I had an Essential Checking account that I opened back when the bank was Suntrust. I have paid hundreds of dollars in overdraft fees with the bank since they became Truist. I have been on the phone many times with associates since the bank became Truist regarding my problems with paying the overdraft fees. I've had some overdraft fees refunded during this time. 

I wanted to stop the problems with the overdraft fees, so I opened a new Truist One account. I'm on XXXX XXXX, and still self employed, so it's taken me time to get the Essential Checking account closed. 

Today, I was informed by and associate using the Truist Assist form of communication that Truist stopped collecting overdraft fees when the company was created, and all I needed to do was to switch the Essential Checking to the Truist One Account. 

I have NEVER been offered this option before! 
I was told I had to ask for the account to be changed. If I had known that I could do this I would have simply changed the account long ago. I never needed or wanted 2 Checking accounts. I would never have opened the separate Truist One account had I known that switching accounts was available. 

Upon learning this I told the associate I wanted all my overdraft fees refunded from the date That the bank became Truist. Of course he came back with the standard reply of only 2 refunds per rolling 12 months, which I had already been given the last time I spoke to an associate about the fees on the phone. 

I want to know what if anything can be done to help me regarding this. 
I also need to know if I can close the account while this dispute is open. 
It's my great desire to close the account ASAP. 

Thank you for any answers or assistance you can provide regarding this theft by miscommunication or noncommunication by Truist bank. 

Regards, XXXX XXXX XXXX",Checking or savings account,Checking account,Problem caused by your funds being low,Overdrafts and overdraft fees,TRUIST FINANCIAL CORPORATION,GA,Older American
18045651,2025-12-01,"Had a XXXX time ach transfer sent to my account Monday, XX/XX/year>. This deposit was made before XXXX so. It should have been in my account at the very latest on Tuesday. Especially seeing Chime is the receiving bank and is a prepaid account and can't hold the deposits. I have called chime several times and get the run around however I did have XXXX agent tell me XXXX is holding my deposit. It is now Sunday almost a full week later. I have a feeling XXXX is holding it like agent said",Checking or savings account,Checking account,Managing an account,Deposits and withdrawals,Chime Financial Inc,FL,
